date,close,log_return,z_score
2012-03-05,92.70999908447266,0.0582947962268978,3.5455528052731515
2012-06-07,73.88999938964844,0.0556549237842771,3.3851674104902276
2012-06-19,87.9800033569336,0.0585098987167649,3.5586213525253347
2012-06-20,83.16999816894531,-0.0562228702114291,-3.4119656129640052
2012-06-21,78.16999816894531,-0.062000765056557,-3.763001492875725
2012-06-22,74.16999816894531,-0.0525261877470333,-3.187373747513626
2012-06-25,70.45999908447266,-0.051314571141682,-3.1137620061137654
2013-08-21,83.91000366210938,-0.0561912826066057,-3.4100465086966723
2014-06-24,81.80999755859375,-0.0674678446342698,-4.095153797746431
2014-07-10,68.9000015258789,-0.0844318496316294,-5.125801564916572
2017-07-10,67.72000122070312,-0.1059657607313688,-6.4340938813148005
2019-07-10,63.540000915527344,0.0534990837946773,3.254189397220191
2020-04-01,48.40999984741211,-0.0546650291824821,-3.3173190139833895
2020-04-22,56.27999877929688,0.0542152539612215,3.297700300640553
2021-03-25,78.44000244140625,-0.0497367531839474,-3.01790170924441
2022-06-23,136.32000732421875,-0.0500748267315716,-3.038441360526781
2022-06-24,103.76000213623048,-0.2729245562127573,-16.577671992680152
2022-07-06,94.69000244140624,-0.0513566343221416,-3.116317553758765
2022-07-15,96.41000366210938,0.0532550469328487,3.2393629428074506
2022-09-30,93.22000122070312,0.0677906092019808,4.122470723050106
2022-10-05,91.2300033569336,-0.0524216289634837,-3.1810212808160396
2022-10-19,78.29000091552734,-0.0498297121293678,-3.023549428020191
2022-11-02,79.0,0.0519597389307113,3.160666532354358
2022-11-03,83.0,0.0493927553295767,3.004709497604396
2022-11-30,86.05000305175781,0.0530993148519201,3.2299014435028464
2023-03-10,78.18000030517578,-0.0513572804956101,-3.116356812014266
2025-05-02,70.18000030517578,0.0673352418440336,4.094804888786116
2025-05-08,66.69000244140625,-0.0551320514087452,-3.3456929395270216
